{
    "General": [{
        "BusinessEntity": "TemplateDynBE.cls",
        "BusinessOutput": "/PASOEContent/WEB-INF/openedge/",
        "ClientOutput": "/PASOEContent/static/",
        "CommonDir": "Common",
        "DefaultCatalog": "http://localhost:8820/DynSports/web/pdo",
        "EnableDebugs": true,
        "IdProperty": "id",
        "InheritedBE": "",
        "MetadataPath": "/metadata/",
        "Namespace": "Business",
        "OmitDashboard": false,
        "OmitLogout": true,
        "OutputBase": "C:/Modernization/spark/demo/DynSports",
        "OutputConf": "C:/PASOE/SportsPASOE/conf/DynSports",
        "TemplatePath": "/templates/",
        "UseJFP": true
    }],
    "Template": [{
        "DisplayOrder": 10,
        "TemplateID": "TemplateLoginSPA",
        "TemplateLabel": "Login/Index (SPA)",
        "TemplateIcon": "assets/img/thumbs/custom.png",
        "TemplateUI": "TemplateLoginSPA.html",
        "EntityClass": "",
        "EntityType": "UI",
        "NameTemplate": "login",
        "HasRelation": false,
        "IsSPA": true,
        "RoleSPA": "Landing",
        "Defaults": ["ipCSSFile|app.css"]
    }, {
        "DisplayOrder": 11,
        "TemplateID": "TemplateLandingSPA",
        "TemplateLabel": "Landing/Dashboard (SPA)",
        "TemplateIcon": "assets/img/thumbs/custom.png",
        "TemplateUI": "TemplateLandingSPA.html",
        "EntityClass": "",
        "EntityType": "UI",
        "NameTemplate": "app",
        "HasRelation": false,
        "IsSPA": true,
        "RoleSPA": "Landing",
        "Defaults": ["ipCSSFile|app.css"]
    }, {
        "DisplayOrder": 12,
        "TemplateID": "TemplateGridSPA",
        "TemplateLabel": "Read-Only Grid (SPA)",
        "TemplateIcon": "assets/img/thumbs/grid.png",
        "TemplateUI": "TemplateGridSPA.html",
        "EntityClass": "TemplateDynBE.cls",
        "EntityType": "CRUD",
        "NameTemplate": "[PREFIX]GridSPA",
        "HasRelation": false,
        "IsSPA": true,
        "RoleSPA": "Browse",
        "Defaults": ["ipCSSFile|app.css"]
    }, {
        "DisplayOrder": 13,
        "TemplateID": "TemplateUpdGridSPA",
        "TemplateLabel": "Updateable Grid (SPA)",
        "TemplateIcon": "assets/img/thumbs/updgrid.png",
        "TemplateUI": "TemplateUpdGridSPA.html",
        "EntityClass": "TemplateDynBE.cls",
        "EntityType": "CRUD",
        "NameTemplate": "[PREFIX]UpdGridSPA",
        "HasRelation": false,
        "IsSPA": true,
        "RoleSPA": "Maintenance",
        "Defaults": ["ipCSSFile|app.css"]
    }, {
        "DisplayOrder": 14,
        "TemplateID": "TemplateFormSPA",
        "TemplateLabel": "Updateable Form (SPA)",
        "TemplateIcon": "assets/img/thumbs/form.png",
        "TemplateUI": "TemplateFormSPA.html",
        "EntityClass": "TemplateDynBE.cls",
        "EntityType": "CRUD",
        "NameTemplate": "[PREFIX]FormSPA",
        "HasRelation": false,
        "IsSPA": true,
        "RoleSPA": "Maintenance",
        "Defaults": ["ipCSSFile|app.css"]
    }, {
        "DisplayOrder": 15,
        "TemplateID": "TemplateGridFormSPA",
        "TemplateLabel": "Grid & Form (SPA)",
        "TemplateIcon": "assets/img/thumbs/gridform.png",
        "TemplateUI": "TemplateGridFormSPA.html",
        "EntityClass": "TemplateDynBE.cls",
        "EntityType": "CRUD",
        "NameTemplate": "[PREFIX]GridFormSPA",
        "HasRelation": false,
        "IsSPA": true,
        "RoleSPA": "Maintenance",
        "Defaults": ["ipCSSFile|app.css"]
    }, {
        "DisplayOrder": 16,
        "TemplateID": "TemplateGridInGridSPA",
        "TemplateLabel": "Grid Inside Grid (SPA)",
        "TemplateIcon": "assets/img/thumbs/gridingrid.png",
        "TemplateUI": "TemplateGridInGridSPA.html",
        "EntityClass": "TemplateDynBE.cls",
        "EntityType": "CRUD",
        "NameTemplate": "[PREFIX]GridInGridSPA",
        "HasRelation": true,
        "IsSPA": true,
        "RoleSPA": "Maintenance",
        "Defaults": ["ipCSSFile|app.css"]
    }, {
        "DisplayOrder": 17,
        "TemplateID": "TemplateGridOverGridSPA",
        "TemplateLabel": "Grid Over Grid (SPA)",
        "TemplateIcon": "assets/img/thumbs/gridovergrid.png",
        "TemplateUI": "TemplateGridOverGridSPA.html",
        "EntityClass": "TemplateDynBE.cls",
        "EntityType": "CRUD",
        "NameTemplate": "[PREFIX]GridOverGridSPA",
        "HasRelation": true,
        "IsSPA": true,
        "RoleSPA": "Maintenance",
        "Defaults": ["ipCSSFile|app.css"]
    }, {
        "DisplayOrder": 18,
        "TemplateID": "TemplateBlankSPA",
        "TemplateLabel": "Blank Screen (SPA)",
        "TemplateIcon": "assets/img/thumbs/custom.png",
        "TemplateUI": "TemplateBlankSPA.html",
        "EntityClass": "",
        "EntityType": "Blank",
        "NameTemplate": "[PREFIX]Blank",
        "HasRelation": false,
        "IsSPA": true,
        "RoleSPA": "Transaction",
        "Defaults": ["ipCSSFile|app.css"]
    }, {
        "DisplayOrder": 19,
        "TemplateID": "Existing",
        "TemplateLabel": "From Metadata",
        "TemplateIcon": "assets/img/thumbs/custom.png",
        "TemplateUI": "",
        "EntityClass": "",
        "EntityType": "Metadata",
        "NameTemplate": "[PREFIX]",
        "HasRelation": false,
        "IsSPA": false,
        "RoleSPA": "",
        "Defaults": []
    }, {
        "DisplayOrder": 30,
        "TemplateID": "TemplateGrid",
        "TemplateLabel": "Read-Only Grid",
        "TemplateIcon": "assets/img/thumbs/grid.png",
        "TemplateUI": "TemplateGrid.html",
        "EntityClass": "TemplateDynBE.cls",
        "EntityType": "CRUD",
        "NameTemplate": "[PREFIX]Grid",
        "HasRelation": false,
        "IsSPA": false,
        "RoleSPA": "",
        "Defaults": ["ipCSSFile|app.css"]
    }, {
        "DisplayOrder": 31,
        "TemplateID": "TemplateUpdGrid",
        "TemplateLabel": "Updateable Grid",
        "TemplateIcon": "assets/img/thumbs/updgrid.png",
        "TemplateUI": "TemplateUpdGrid.html",
        "EntityClass": "TemplateDynBE.cls",
        "EntityType": "CRUD",
        "NameTemplate": "[PREFIX]UpdGrid",
        "HasRelation": false,
        "IsSPA": false,
        "RoleSPA": "",
        "Defaults": ["ipCSSFile|app.css"]
    }, {
        "DisplayOrder": 32,
        "TemplateID": "TemplateForm",
        "TemplateLabel": "Updateable Form",
        "TemplateIcon": "assets/img/thumbs/form.png",
        "TemplateUI": "TemplateForm.html",
        "EntityClass": "TemplateDynBE.cls",
        "EntityType": "CRUD",
        "NameTemplate": "[PREFIX]Form",
        "HasRelation": false,
        "IsSPA": false,
        "RoleSPA": "",
        "Defaults": ["ipCSSFile|app.css"]
    }, {
        "DisplayOrder": 33,
        "TemplateID": "TemplateGridForm",
        "TemplateLabel": "Grid & Form",
        "TemplateIcon": "assets/img/thumbs/gridform.png",
        "TemplateUI": "TemplateGridForm.html",
        "EntityClass": "TemplateDynBE.cls",
        "EntityType": "CRUD",
        "NameTemplate": "[PREFIX]GridForm",
        "HasRelation": false,
        "IsSPA": false,
        "RoleSPA": "",
        "Defaults": ["ipCSSFile|app.css"]
    }, {
        "DisplayOrder": 34,
        "TemplateID": "TemplateGridInGrid",
        "TemplateLabel": "Grid Inside Grid",
        "TemplateIcon": "assets/img/thumbs/gridingrid.png",
        "TemplateUI": "TemplateGridInGrid.html",
        "EntityClass": "TemplateDynBE.cls",
        "EntityType": "CRUD",
        "NameTemplate": "[PREFIX]GridInGrid",
        "HasRelation": true,
        "IsSPA": false,
        "RoleSPA": "",
        "Defaults": ["ipCSSFile|app.css"]
    }, {
        "DisplayOrder": 35,
        "TemplateID": "TemplateGridOverGrid",
        "TemplateLabel": "Grid Over Grid",
        "TemplateIcon": "assets/img/thumbs/gridovergrid.png",
        "TemplateUI": "TemplateGridOverGrid.html",
        "EntityClass": "TemplateDynBE.cls",
        "EntityType": "CRUD",
        "NameTemplate": "[PREFIX]GridOverGrid",
        "HasRelation": true,
        "IsSPA": false,
        "RoleSPA": "",
        "Defaults": ["ipCSSFile|app.css"]
    }, {
        "DisplayOrder": 36,
        "TemplateID": "TemplateBlank",
        "TemplateLabel": "Blank Screen",
        "TemplateIcon": "assets/img/thumbs/custom.png",
        "TemplateUI": "TemplateBlank.html",
        "EntityClass": "",
        "EntityType": "Blank",
        "NameTemplate": "[PREFIX]",
        "HasRelation": false,
        "IsSPA": false,
        "RoleSPA": "",
        "Defaults": ["ipCSSFile|app.css"]
    }, {
        "DisplayOrder": 37,
        "TemplateID": "TemplateInvoke",
        "TemplateLabel": "Run My Progress Code",
        "TemplateIcon": "assets/img/thumbs/invoke.png",
        "TemplateUI": "TemplateInvoke.html",
        "EntityClass": "TemplateInvoke.cls",
        "EntityType": "Invoke",
        "NameTemplate": "[PREFIX]Invoke",
        "HasRelation": false,
        "IsSPA": false,
        "RoleSPA": "",
        "Defaults": ["ipEntityName|ChuiTest"]
    }]
}