<!-- Import this file is oeablSecurity-basic-*.xml to enable security for APSV transport -->
<b:beans xmlns="http://www.springframework.org/schema/security"
    xmlns:b="http://www.springframework.org/schema/beans"
    xmlns:xsi="http://www.w3.org/2001/XMLSchema-instance"
    xsi:schemaLocation="http://www.springframework.org/schema/beans
                        http://www.springframework.org/schema/beans/spring-beans-3.0.xsd
                        http://www.springframework.org/schema/security
                        http://www.springframework.org/schema/security/spring-security-3.1.xsd">
    <!-- This HTTP security space represents the public APSV AppServer protocol
         HTTP tunnel URI space controls the authentication/authorization process 
         to its dynamic content.
         ALTER THIS SECTION TO MEET YOUR PRODUCTION DEPLOYMENT REQUIREMENTS
     -->
    <!-- USER EDIT: add attribute "entry-point-ref" 
         when enable form SAML spring security mode -->
    <!-- entry-point-ref="OESamlFormEntryPoint" -->
    <http pattern="/apsv/**"
        auto-config="true" 
        use-expressions="true" 
        create-session="stateless" 
        disable-url-rewriting="true" 
        authentication-manager-ref="oeablApplicationAuth" 
        realm="OpenEdge" >

        <!-- OpenEdge PRE AUTH Filter  -->
        <!-- USER EDIT: uncomment PRE_AUTH_FILTER filter 
             to enable pre-auth-->
        <!--
        <custom-filter position="PRE_AUTH_FILTER" 
                      ref="OEPreauthfilter" />
        -->
        <!-- OpenEdge ClientPrincipal SSO Filter -->
        <custom-filter after="SESSION_MANAGEMENT_FILTER" 
                       ref="OEClientPrincipalFilter" />
                
        <!-- OpenEdge SAMLProcessing SSO Filter -->

        <!-- USER EDIT: Uncomment BASIC_AUTH_FILTER filter
             when enable basic SAML spring security mode -->
        <!--
        <custom-filter before="BASIC_AUTH_FILTER" 
                       ref="samlProcessingFilter" />
        -->

        <!-- USER EDIT: Uncomment FORM_LOGIN_FILTER filter
             when enable form SAML spring security mode -->
        <!--
        <custom-filter before="FORM_LOGIN_FILTER" 
                       ref="OESamlSSOProcessingFilter"  />
        -->

        <intercept-url pattern="/apsv/**" method="HEAD"
                       access="hasAnyRole('ROLE_PSCUser')"/>
        <intercept-url pattern="/apsv/**" method="GET"
                       access="hasAnyRole('ROLE_PSCUser')"/>
        <intercept-url pattern="/apsv/**" method="POST"
                       access="hasAnyRole('ROLE_PSCUser')"/>
        <!-- authentication models -->

        <!-- If you choose oeablSecurity-basic-oerealm.xml comment out the following line  -->
        <http-basic  /> 
        <!-- If you choose oeablSecurity-basic-oerealm.xml uncomment out the following line -->
        <!--  <http-basic entry-point-ref="OEAuthenticationEntryPoint" /> -->


        <!-- USER EDIT: uncomment mappable-roles 
             for container security -->
        <!--
        <jee mappable-roles="ROLE_PSCUser" />
        -->
    </http>

</b:beans>
