[{
		"text": "Dashboard",
		"spriteCssClass": "fa fa-home",
		"url": "#\/"
	},
	{
		"text": "Browse",
		"items": [{
			"text": "Employee Read-Only Grid",
			"url": "#\/EmployeeGridSPA"
		}]
	},
	{
		"text": "Maintenance",
		"items": [{
            "text": "Customer Updateable Grid",
            "url": "#\/CustomerUpdGridSPA"
        }, {
            "text": "Order Grid & Form",
            "url": "#\/OrderGridFormSPA"
        },
        {
            "text": "Order Updateable Grid",
            "url": "#\/OrderUpdGridSPA"
        },
        {
            "text": "Salesrep Updateable Grid",
            "url": "#\/SalesrepUpdGridSPA"
        },
        {
            "text": "Customer Order Grid Over Grid",
            "url": "#\/CustomerOrderGridOverGridSPA"
        },
        {
            "text": "Order\/OrderLine Grid Inside Grid",
            "url": "#\/OrderOrderGridInGridSPA"
        },
		{
			"text": "Family Updateable Grid",
			"url": "#\/FamilyUpdGridSPA"
		}]
	},
	{
		"text": "Transaction",
		"items": [{
			"text": "Widget Samples",
			"url": "#\/Widgets"
		}]
	}
]
