<?xml version="1.0" encoding="UTF-8"?>
<!--
  - Application context containing http authentication control
  -->

<b:beans xmlns="http://www.springframework.org/schema/security"
    xmlns:b="http://www.springframework.org/schema/beans"
    xmlns:xsi="http://www.w3.org/2001/XMLSchema-instance"
    xsi:schemaLocation="http://www.springframework.org/schema/beans http://www.springframework.org/schema/beans/spring-beans-3.0.xsd
                        http://www.springframework.org/schema/security http://www.springframework.org/schema/security/spring-security-3.1.xsd">

    <!-- To disable security for APSV, import apsv-none.xml (and comment out import of apsv-basic.xml)-->
    <!-- To enable security for APSV, import apsv-basic.xml (and comment out import of apsv-none.xml) -->
    <b:import resource="apsv-none.xml"/>
    <!--<b:import resource="apsv-basic.xml"/> -->

    <!-- To disable security for SOAP, import apsv-none.xml (and comment out import of soap-basic.xml)-->
    <!-- To enable security for SOAP, import apsv-basic.xml (and comment out import of soap-none.xml) -->
    <b:import resource="soap-none.xml"/>
    <!--<b:import resource="soap-basic-local.xml"/> -->

    <!-- This HTTP security space represents the public REST application URI
         space and controle the authentication/authorization process to its
         dynamic/static content.
         ALTER THIS SECTION TO MEET YOUR PRODUCTION DEPLOYMENT REQUIREMENTS
     -->
    <http pattern="/rest/**"
          auto-config="false"
          use-expressions="true"
          create-session="ifRequired"
          disable-url-rewriting="true"
          authentication-manager-ref="oeablApplicationAuth"
          entry-point-ref="OEFormEntryPoint"
          realm="REST Realm" >

        <!-- OpenEdge PRE AUTH Filter  -->
        <custom-filter position="PRE_AUTH_FILTER"
                       ref="OEPreauthfilter" />

        <!-- OpenEdge ClientPrincipal SSO Filter -->
        <custom-filter position="SWITCH_USER_FILTER"
                       ref="OEClientPrincipalFilter" />

        <!-- OpenEdge CORS Filter -->
        <custom-filter before="SECURITY_CONTEXT_FILTER"
                       ref="OECORSFilter" />

        <!-- URL access controls -->
        <intercept-url pattern="/rest/_oeping"
                       access="permitAll()"/>

        <!-- HTTP REST/Mobile AppServer service -->
        <intercept-url pattern="/rest/**"
                       access="hasAnyRole('ROLE_PSCUser')"/>

        <!-- authentication model -->
        <form-login login-page="/static/login.html"
                    login-processing-url="/static/auth/j_spring_security_check"
                    always-use-default-target="true"
                    default-target-url="/"
                    authentication-failure-url="/static/auth/loginfail.html"
                    authentication-success-handler-ref="OEAuthnSuccessHandler"
                    authentication-failure-handler-ref="OEAuthnFailureHandler" />

        <logout logout-url="/static/auth/j_spring_security_logout"
                success-handler-ref="OELogoutSuccessHandler"
                invalidate-session="true"
                delete-cookies="JSESSIONID" />

        <!--
        <remember-me />
        -->
        <anonymous enabled="true" />

        <!-- error handlers -->
        <access-denied-handler ref="OEAccessDeniedHandler" />

        <!-- login session controls -->
        <session-management session-fixation-protection="none" />
    </http>

    <!-- This HTTP security space represents the public WSPD application URI
         space and controle the authentication/authorization process to its
         dynamic/static content.
         ALTER THIS SECTION TO MEET YOUR PRODUCTION DEPLOYMENT REQUIREMENTS
     -->
    <http pattern="/web/**"
          auto-config="false"
          use-expressions="true"
          create-session="ifRequired"
          disable-url-rewriting="true"
          authentication-manager-ref="oeablApplicationAuth"
          entry-point-ref="OEFormEntryPoint"
          realm="Web Realm" >

        <!-- OpenEdge PRE AUTH Filter  -->
        <custom-filter position="PRE_AUTH_FILTER"
                       ref="OEPreauthfilter" />

        <!-- OpenEdge ClientPrincipal SSO Filter -->
        <custom-filter position="SWITCH_USER_FILTER"
                       ref="OEClientPrincipalFilter"/>

        <!-- OpenEdge CORS Filter -->
        <custom-filter before="SECURITY_CONTEXT_FILTER"
                       ref="OECORSFilter" />

        <!-- URL access controls -->

        <!-- Global Access to Obtain Server State -->
        <intercept-url pattern="/web/status/server"
                       access="hasAnyRole('ROLE_PSCUser','ROLE_ANONYMOUS')"
                       method="GET" />

        <!-- Global Access to Obtain All States -->
        <intercept-url pattern="/web/status/all"
                       access="hasAnyRole('ROLE_PSCUser','ROLE_ANONYMOUS')"
                       method="GET" />

        <!-- Protected User Login State: Returns 401/403 if not logged into Spring, and the output
                                         of the StatusHandler's GET if they are logged into Spring -->
        <intercept-url pattern="/web/status/login"
                       access="hasAnyRole('ROLE_PSCUser')"
                       method="GET" />

        <!-- Implicit Catalog (All Services) -->
        <intercept-url pattern="/web/pdo" method="GET"
                       access="permitAll()"/>
        <intercept-url pattern="/web/*/pdo" method="GET"
                       access="permitAll()"/>

        <!-- Explicit Catalog (By Service) -->
        <intercept-url pattern="/web/pdo/*" method="GET"
                       access="permitAll()"/>
        <intercept-url pattern="/web/*/pdo/*" method="GET"
                       access="permitAll()"/>

        <!-- 2-Factor Authentication -->
        <intercept-url pattern="/web/pdo/common/tfa/*" method="PUT"
                       access="permitAll()"/>
        <intercept-url pattern="/web/*/pdo/common/tfa/*" method="PUT"
                       access="permitAll()"/>

        <!-- User Information -->
        <intercept-url pattern="/web/pdo/common/user/*"
                       access="permitAll()"/>
        <intercept-url pattern="/web/*/pdo/common/user/*"
                       access="permitAll()"/>

        <!-- Restricted Access -->
        <intercept-url pattern="/web/pdo/common/webprofile/*"
                       access="hasAnyRole('ROLE_WebAdmin')"/>
        <intercept-url pattern="/web/*/pdo/common/webprofile/*"
                       access="hasAnyRole('ROLE_WebAdmin')"/>

        <!-- Testing API's -->
        <intercept-url pattern="/web/pdo/tests/**"
                       access="permitAll()"/>
        <intercept-url pattern="/web/*/pdo/tests/**"
                       access="permitAll()"/>

        <!-- Sample Handler (Demo Purposes) -->
        <intercept-url pattern="/web/sample/**"
                       access="permitAll()"/>

        <!-- Test Handler (Demo Purposes) -->
        <intercept-url pattern="/web/test/**"
                       access="permitAll()"/>

        <!-- Default Rule -->
        <intercept-url pattern="/web/**"
                       access="hasAnyRole('ROLE_PSCUser')"/>

        <!-- authentication model -->
        <form-login login-page="/static/login.html"
                    login-processing-url="/static/auth/j_spring_security_check"
                    always-use-default-target="true"
                    default-target-url="/"
                    authentication-failure-url="/static/auth/loginfail.html"
                    authentication-success-handler-ref="OEAuthnSuccessHandler"
                    authentication-failure-handler-ref="OEAuthnFailureHandler" />

        <logout logout-url="/static/auth/j_spring_security_logout"
                success-handler-ref="OELogoutSuccessHandler"
                invalidate-session="true"
                delete-cookies="JSESSIONID" />

        <!--
        <remember-me />
        -->
        <anonymous enabled="true" />

        <!-- error handlers -->
        <access-denied-handler ref="OEAccessDeniedHandler" />

        <!-- login session controls -->
        <session-management session-fixation-protection="none" />
    </http>

    <!-- This HTTP security space represents the default public URI
         space and controls the authentication/authorization process to its
         dynamic/static content.
         ALTER THIS SECTION TO MEET YOUR PRODUCTION DEPLOYMENT REQUIREMENTS
     -->

    <http pattern="/**"
          auto-config="false"
          use-expressions="true"
          create-session="ifRequired"
          disable-url-rewriting="true"
          authentication-manager-ref="oeablApplicationAuth"
          entry-point-ref="OEFormEntryPoint"
          realm="OpenEdge" >

        <!-- OpenEdge CORS Filter -->
        <custom-filter before="SECURITY_CONTEXT_FILTER"
                       ref="OECORSFilter" />

        <!-- Restricted Mobile session class uses this page as part of its
             login() operation, protect it so it triggers user
             authentication -->
        <intercept-url pattern="/static/home.html"
                       access="hasAnyRole('ROLE_PSCUser')"/>

        <!-- URL access controls -->

        <intercept-url pattern="/static/auth/*"
                       access="permitAll()" />

        <intercept-url pattern="/static/app.html"
                       access="hasAnyRole('ROLE_PSCUser')" />

        <intercept-url pattern="/static/app/views/**"
                       access="hasAnyRole('ROLE_PSCUser')" />

        <intercept-url pattern="/static/upload" method="POST"
                       access="hasAnyRole('ROLE_PSCUser')" />

        <intercept-url pattern="/static/**" method="GET"
                       access="permitAll()" />

        <intercept-url pattern="/*" method="GET"
                       access="permitAll()" />

        <!-- Best practice - deny anything not explicitly granted. -->
        <intercept-url pattern="/**" access="denyAll()" />

        <!-- authentication model -->
        <form-login login-page="/static/login.html"
                    login-processing-url="/static/auth/j_spring_security_check"
                    always-use-default-target="true"
                    default-target-url="/static/app.html"
                    authentication-failure-url="/static/auth/loginfail.html"
                    authentication-success-handler-ref="OEAuthnSuccessHandler"
                    authentication-failure-handler-ref="OEAuthnFailureHandler" />

        <logout logout-url="/static/auth/j_spring_security_logout"
                success-handler-ref="OELogoutSuccessHandler"
                invalidate-session="true"
                delete-cookies="JSESSIONID" />

        <!--
        <remember-me />
        -->
        <anonymous enabled="true" />

        <!-- error handlers -->
        <access-denied-handler ref="OEAccessDeniedHandler" />

        <!-- login session controls -->
        <session-management session-fixation-protection="none" />
    </http>

    <!-- The Pre-auth security filter for  SSO  -->
    <b:bean id="OEPreauthfilter"
             class="com.progress.appserv.services.security.OERequestHeaderAuthenticationFilter">
          <!-- USER-EDIT: To turn on SSO :
               1. Set "enabled" property to true
               2. For single-domain supply the Domain Access Code as the value for "key" property
               3. For multi-domain supply the absolute path of a 'registryFile' generated using OpenEdge's
                  $DLC/bin/gendomreg.bat utility as "registryFile" property -->
           <b:property name="enabled" value="false"/>
           <b:property name="key" value=""/>
           <!-- <b:property name="registryFile" value= "" /> -->
           <b:property name="encoding" value="OECP"/>
           <b:property name="headername" value="X-OE-CLIENT-CONTEXT-ID"/>
           <b:property name="authenticationManager" ref="authenticationManager" />
    </b:bean>

    <authentication-manager alias="authenticationManager">
        <authentication-provider ref="preauthAuthProvider" />
    </authentication-manager>

    <b:bean id="preauthAuthProvider"
             class="com.progress.appserv.services.security.OEPreAuthenticatedAuthenticationProvider">
            <b:property name="rolePrefix" value="ROLE_" />
            <b:property name="enabledAttrName" value="ATTR_ENABLED" />
            <b:property name="lockedAttrName" value="ATTR_LOCKED" />
            <b:property name="expiredAttrName" value="ATTR_EXPIRED" />
    </b:bean>

    <!-- The security filter that turns a Spring token into an OpenEdge
         ClientPrincipal object. The filter is thus responsible for:
         1. Creating a ClientPrincipal if one was not created in a previous authentication process step
         2. If the previous authentication process produced a Spring token - copy that information into the ClientPrincipal
         3. If the ClientPrincipal is not already sealed - seal it using this filter's domain and registry configuration
         4. If enablecp is true, then send the ClientPrincipal to the ABL business logic -->

    <b:bean id="OEClientPrincipalFilter"
             class="com.progress.appserv.services.security.OEClientPrincipalFilter">
             <b:property name="enablecp" value="true" />
             <b:property name="domain" value="spark" />
             <b:property name="key" value="oech1::23222e35397562" />
             <!-- Insert Anonymous credentials -->
             <b:property name="anonymous" value="true" />
             <!-- Pass through unauthenticated CP to AppServer -->
             <b:property name="passthru" value="true" />
             <!-- Seal the unauthenticated CP for Anonymous -->
             <b:property name="sealAnonymous" value="true" />
             <b:property name="authz" value="true" />
             <!--
             <b:property name="registryFile" value="" />
             <b:property name="roles" value="sample" />
             <b:property name="expires" value="600" />
             <b:property name="accntinfo" value="true" />
             <b:property name="properties" >
                <b:map>
                     <b:entry key="prop-1" value="string1"/>
                     <b:entry key="prop-2" value="string2"/>
                </b:map>
             </b:property>
             <b:property name="ccid" value="true" />
             <b:property name="appName" value="OE" />
             -->
    </b:bean>

    <!-- The security filter that implements the CORS standard for controling
         cross site resource access by http clients. -->
    <b:bean id="OECORSFilter"
             class="com.progress.appserv.services.security.OECORSFilter" >
             <!-- These headers are used to support OE SSO. Enable them by default -->
             <b:property name="responseHeaders" value="Access-Control-Allow-Origin,Access-Control-Allow-Headers,X-CLIENT-CONTEXT-ID,X-OE-CLIENT-CONTEXT-ID" />
             <!-- Examples:
             <b:property name="allowAll" value="false" />
             <b:property name="allowDomains" value="*" />
             <b:property name="allowSubdomains" value="false" />
             <b:property name="allowMethods" value="" />
             <b:property name="messageHeaders" value="" />
             <b:property name="responseHeaders" value="" />
             <b:property name="supportCredentials" value="true" />
             <b:property name="maxAge" value="-1" />
             -->
    </b:bean>

    <!-- Custom form login handlers for JSON requests -->
    <b:bean id="OEAuthnSuccessHandler"
            class="com.progress.appserv.services.security.OEAuthnSuccessHandler">
    </b:bean>

    <b:bean id="OEAuthnFailureHandler"
            class="com.progress.appserv.services.security.OEAuthnFailHandler">
    </b:bean>

    <b:bean id="OEAccessDeniedHandler"
            class="com.progress.appserv.services.security.OEAccessDeniedHandler">
        <!-- Fix a potential Form bug with 403. -->
        <b:property name="acceptType" value="application/json.*" />
    </b:bean>

    <b:bean id="OELogoutSuccessHandler"
            class="com.progress.appserv.services.security.OELogoutSuccessHandler">
    </b:bean>

    <b:bean id="OEFormEntryPoint"
            class="com.progress.appserv.services.security.OEFormAuthnEntryPointHandler">
        <b:constructor-arg value="/static/login.html" />
    </b:bean>

    <!-- Spring AuthenticationProvider that manages the task of authentication
         using a user account supplied by an AppServer Realm service.  It directly
         uses the OERealmUserDetailsImpl bean to do the real work and
         create a Spring UserDetails object that will be placed in a Spring
         authentication token. -->
    <b:bean id="OERealmAuthProvider"
            class="com.progress.appserv.services.security.OERealmAuthProvider" >
            <b:property name="userDetailsService">
                <b:ref bean="OERealmUserDetails" />
            </b:property>
            <!--
            When createCPAuthn property is true:
                will create an OE ClientPrincipal with its additional attributes
                that the Spring token does not. This is qualified by the "sealClientPrincipal"
                property, which when true will use this bean's domain and registry configuration
                to "seal" the ClientPrincipal; and when false will leave the ClientPrincipal
                unsealed until the OEClientPrincipalFilter performs the seal operation.
             When createCPAuthn property is false
                a basic Spring token is generated and passed to the OEClientPrincpial
                filter, which will use its configuration to create a ClientPrincipal,
                copy the Spring token's information into it, and then seal it using its
                domain and access-code configuration.  All other properties relating to
                ClientPrincpal generation and sealing are ignored
             -->
            <b:property name="createCPAuthn" value="true" />
            <b:property name="sealClientPrincipal" value="true" />
            <b:property name="userDomain" value="spark" />
            <b:property name="key" value="oech1::23222e35397562" />
            <b:property name="authz" value="true" />
            <!--
            <b:property name="multiTenant" value="false" />
            <b:property name="registryFile" value="" />
            <b:property name="properties" >
                <b:map>
                     <b:entry key="prop-1" value="string1"/>
                     <b:entry key="prop-2" value="string2"/>
                </b:map>
            </b:property>
            <b:property name="expires" value="600" />
            -->
    </b:bean>

    <!-- Spring UserDetailsService that connects to an AppServer Realm service
         and uses it as a source of user account information during the
         authentication step managed by the OERealmAuthProvider bean.

         The sample in this template requires changing the properties
         "realmURL" and "realmClass" to contain the run-time AppServer
         used for authentication and the developer supplied OOABL class
         name.  -->
    <b:bean id="OERealmUserDetails"
            class="com.progress.appserv.services.security.OERealmUserDetailsImpl" >
            <b:property name="realmURL" value="internal://localhost/nxgas" />
            <b:property name="realmClass" value="Sports.Spark.Core.Security.SportsRealm" />
            <!-- Static role granted if the realm service interface does not support roles. -->
            <b:property name="grantedAuthorities" value="ROLE_NoAccess" />
            <b:property name="rolePrefix" value="ROLE_" />
            <b:property name="roleAttrName" value="ATTR_ROLES" />
            <b:property name="enabledAttrName" value="ATTR_ENABLED" />
            <b:property name="lockedAttrName" value="ATTR_LOCKED" />
            <b:property name="expiredAttrName" value="ATTR_EXPIRED" />
            <b:property name="realmPwdAlg" value="0" />
            <!-- Binary CP token that should only be used to identify Realm AuthN requests. -->
            <b:property name="realmTokenFile" value="SparkRealm.cp" />
            <!-- For SSL connection to the oeRealm appserver provide the complete
                 path of psccerts.jar as the value of 'certLocation' property
             -->
            <b:property name="certLocation" value="" />
            <!-- set appendRealmError = true in order to append the Realm
            class thrown error in the error details send to the REST Client -->
            <b:property name="appendRealmError" value="false" />
    </b:bean>


    <!-- Authentication manager reserved for PUBLIC anonymous authn
         to the static and dynaic application content.
     -->
    <authentication-manager id="oeablApplicationAuth" >
        <authentication-provider ref="OERealmAuthProvider" />
    </authentication-manager>

</b:beans>
