{
    "Config": {
        "General": [{
            "ApiVersion": 3.3,
            "BusinessRoot": "Business",
            "IdProperty": "id",
            "PreLoader": "",
            "ReadFilter": "filter",
            "ServicePrefix": "pdo",
            "EnableDebugs": false
        }],
        "ServiceSource": [{
            "ServiceName": "Common",
            "ServiceURI": "/web/pdo/common",
            "ClassPath": "Business",
            "UseRequest": false
        }]
    }
}