{
    "version": "1.4",
    "lastModified": "Mon Nov 27 16:25:15 EST 2017",
    "services": [{
        "name": "personnel",
        "address": "\/web\/pdo\/personnel",
        "useRequest": true,
        "resources": [
            {
                "name": "employee",
                "path": "\/employee",
                "autoSave": false,
                "schema": {
                    "type": "object",
                    "additionalProperties": false,
                    "properties": {"dsEmployee": {
                        "type": "object",
                        "additionalProperties": false,
                        "properties": {"ttEmployee": {
                            "type": "array",
                            "primaryKey": ["EmpNum"],
                            "items": {
                                "additionalProperties": false,
                                "properties": {
                                    "_id": {
                                        "type": "string",
                                        "semanticType": "Internal"
                                    },
                                    "_errorString": {
                                        "type": "string",
                                        "semanticType": "Internal"
                                    },
                                    "id": {
                                        "type": "string",
                                        "ablType": "CHARACTER",
                                        "default": "",
                                        "title": "id"
                                    },
                                    "seq": {
                                        "type": "integer",
                                        "ablType": "INTEGER",
                                        "default": 0,
                                        "title": "seq"
                                    },
                                    "EmpNum": {
                                        "type": "integer",
                                        "ablType": "INTEGER",
                                        "default": 0,
                                        "title": "Emp_No"
                                    },
                                    "LastName": {
                                        "type": "string",
                                        "ablType": "CHARACTER",
                                        "default": "",
                                        "title": "Last_Name"
                                    },
                                    "FirstName": {
                                        "type": "string",
                                        "ablType": "CHARACTER",
                                        "default": "",
                                        "title": "First_Name"
                                    },
                                    "Address": {
                                        "type": "string",
                                        "ablType": "CHARACTER",
                                        "default": "",
                                        "title": "Address"
                                    },
                                    "Address2": {
                                        "type": "string",
                                        "ablType": "CHARACTER",
                                        "default": "",
                                        "title": "Address2"
                                    },
                                    "City": {
                                        "type": "string",
                                        "ablType": "CHARACTER",
                                        "default": "",
                                        "title": "City"
                                    },
                                    "State": {
                                        "type": "string",
                                        "ablType": "CHARACTER",
                                        "default": "",
                                        "title": "State"
                                    },
                                    "PostalCode": {
                                        "type": "string",
                                        "ablType": "CHARACTER",
                                        "default": "",
                                        "title": "Postal_Code"
                                    },
                                    "HomePhone": {
                                        "type": "string",
                                        "ablType": "CHARACTER",
                                        "default": "",
                                        "title": "Home_Phone"
                                    },
                                    "WorkPhone": {
                                        "type": "string",
                                        "ablType": "CHARACTER",
                                        "default": "",
                                        "title": "Work_Phone"
                                    },
                                    "DeptCode": {
                                        "type": "string",
                                        "ablType": "CHARACTER",
                                        "default": "",
                                        "title": "Dept_Code"
                                    },
                                    "Position": {
                                        "type": "string",
                                        "ablType": "CHARACTER",
                                        "default": "",
                                        "title": "Position"
                                    },
                                    "Birthdate": {
                                        "type": "string",
                                        "ablType": "DATE",
                                        "default": null,
                                        "title": "Birthdate",
                                        "format": "date"
                                    },
                                    "StartDate": {
                                        "type": "string",
                                        "ablType": "DATE",
                                        "default": null,
                                        "title": "Start_Date",
                                        "format": "date"
                                    },
                                    "VacationDaysLeft": {
                                        "type": "integer",
                                        "ablType": "INTEGER",
                                        "default": 0,
                                        "title": "Vacation_Days_Left"
                                    },
                                    "SickDaysLeft": {
                                        "type": "integer",
                                        "ablType": "INTEGER",
                                        "default": 0,
                                        "title": "Sick_Days_Left"
                                    }
                                }
                            }
                        }}
                    }}
                },
                "operations": [
                    {
                        "path": "",
                        "useBeforeImage": true,
                        "type": "update",
                        "verb": "put",
                        "params": [
                            {
                                "name": "dsEmployee",
                                "type": "REQUEST_BODY"
                            },
                            {
                                "name": "dsEmployee",
                                "type": "RESPONSE_BODY"
                            }
                        ]
                    },
                    {
                        "path": "",
                        "useBeforeImage": true,
                        "type": "delete",
                        "verb": "delete",
                        "params": [
                            {
                                "name": "dsEmployee",
                                "type": "REQUEST_BODY"
                            },
                            {
                                "name": "dsEmployee",
                                "type": "RESPONSE_BODY"
                            }
                        ]
                    },
                    {
                        "path": "\/count?filter={filter}",
                        "useBeforeImage": false,
                        "type": "count",
                        "verb": "get",
                        "params": [
                            {
                                "name": "filter",
                                "type": "QUERY"
                            },
                            {
                                "name": "numRecs",
                                "type": "RESPONSE_BODY"
                            }
                        ]
                    },
                    {
                        "path": "",
                        "useBeforeImage": true,
                        "type": "create",
                        "verb": "post",
                        "params": [
                            {
                                "name": "dsEmployee",
                                "type": "REQUEST_BODY"
                            },
                            {
                                "name": "dsEmployee",
                                "type": "RESPONSE_BODY"
                            }
                        ]
                    },
                    {
                        "name": "submit",
                        "path": "\/submit",
                        "useBeforeImage": true,
                        "type": "submit",
                        "verb": "put",
                        "params": [
                            {
                                "name": "dsEmployee",
                                "type": "REQUEST_BODY"
                            },
                            {
                                "name": "dsEmployee",
                                "type": "RESPONSE_BODY"
                            }
                        ]
                    },
                    {
                        "path": "?filter={filter}",
                        "useBeforeImage": true,
                        "type": "read",
                        "verb": "get",
                        "mappingType": "AFP",
                        "capabilities": "filter,top,skip,id,sort,orderBy",
                        "params": [
                            {
                                "name": "filter",
                                "type": "QUERY"
                            },
                            {
                                "name": "dsEmployee",
                                "type": "RESPONSE_BODY"
                            }
                        ]
                    }
                ]
            },
            {
                "name": "family",
                "path": "\/family",
                "autoSave": false,
                "schema": {
                    "type": "object",
                    "additionalProperties": false,
                    "properties": {"dsFamily": {
                        "type": "object",
                        "additionalProperties": false,
                        "properties": {"ttFamily": {
                            "type": "array",
                            "primaryKey": ["EmpNum"],
                            "items": {
                                "additionalProperties": false,
                                "properties": {
                                    "_id": {
                                        "type": "string",
                                        "semanticType": "Internal"
                                    },
                                    "_errorString": {
                                        "type": "string",
                                        "semanticType": "Internal"
                                    },
                                    "EmpNum": {
                                        "type": "integer",
                                        "ablType": "INTEGER",
                                        "default": 0,
                                        "title": "Emp No"
                                    },
                                    "RelativeName": {
                                        "type": "string",
                                        "ablType": "CHARACTER",
                                        "default": "",
                                        "title": "Relative Name"
                                    },
                                    "Relation": {
                                        "type": "string",
                                        "ablType": "CHARACTER",
                                        "default": "",
                                        "title": "Relation"
                                    },
                                    "Birthdate": {
                                        "type": "string",
                                        "ablType": "DATE",
                                        "default": null,
                                        "title": "Birthdate",
                                        "format": "date"
                                    },
                                    "CoveredOnBenefits": {
                                        "type": "boolean",
                                        "ablType": "LOGICAL",
                                        "default": false,
                                        "title": "Covered On Benefits"
                                    },
                                    "BenefitDate": {
                                        "type": "string",
                                        "ablType": "DATE",
                                        "default": null,
                                        "title": "Benefit Date",
                                        "format": "date"
                                    }
                                }
                            }
                        }}
                    }}
                },
                "operations": [
                    {
                        "name": "submit",
                        "path": "\/submit",
                        "useBeforeImage": true,
                        "type": "submit",
                        "verb": "put",
                        "params": [
                            {
                                "name": "dsFamily",
                                "type": "REQUEST_BODY"
                            },
                            {
                                "name": "dsFamily",
                                "type": "RESPONSE_BODY"
                            }
                        ]
                    },
                    {
                        "path": "",
                        "useBeforeImage": true,
                        "type": "create",
                        "verb": "post",
                        "params": [
                            {
                                "name": "dsFamily",
                                "type": "REQUEST_BODY"
                            },
                            {
                                "name": "dsFamily",
                                "type": "RESPONSE_BODY"
                            }
                        ]
                    },
                    {
                        "path": "?filter={filter}",
                        "useBeforeImage": true,
                        "type": "read",
                        "verb": "get",
                        "mappingType": "JFP",
                        "capabilities": "ablFilter,top,skip,id,sort,orderBy",
                        "params": [
                            {
                                "name": "filter",
                                "type": "QUERY"
                            },
                            {
                                "name": "dsFamily",
                                "type": "RESPONSE_BODY"
                            }
                        ]
                    },
                    {
                        "path": "",
                        "useBeforeImage": true,
                        "type": "update",
                        "verb": "put",
                        "params": [
                            {
                                "name": "dsFamily",
                                "type": "REQUEST_BODY"
                            },
                            {
                                "name": "dsFamily",
                                "type": "RESPONSE_BODY"
                            }
                        ]
                    },
                    {
                        "path": "",
                        "useBeforeImage": true,
                        "type": "delete",
                        "verb": "delete",
                        "params": [
                            {
                                "name": "dsFamily",
                                "type": "REQUEST_BODY"
                            },
                            {
                                "name": "dsFamily",
                                "type": "RESPONSE_BODY"
                            }
                        ]
                    }
                ]
            }
        ]
    }]
}