{
    "Config": {
        "ManagerMapping": [{
            "Manager": "Spark.Core.Manager.IServiceManager",
            "Implementation": "Spark.Core.Manager.ServiceManager"
        }, {
            "Manager": "Spark.Core.Manager.ISessionManager",
            "Implementation": "Spark.Core.Manager.SessionManager"
        }, {
            "Manager": "Spark.Core.Manager.IConnectionManager",
            "Implementation": "Spark.Core.Manager.ConnectionManager"
        }, {
            "Manager": "Spark.Core.Manager.ITranslationManager",
            "Implementation": "Spark.Core.Manager.TranslationManager"
        }, {
            "Manager": "Spark.Core.Manager.IStateManager",
            "Implementation": "Spark.Core.Manager.StateManager"
        }]
    }
}