{
    "Template": [{
        "DisplayOrder": 50,
        "TemplateID": "CustomSample",
        "TemplateLabel": "Custom Template",
        "TemplateIcon": "assets/img/thumbs/custom.png",
        "TemplatePath": "custom/",
        "TemplateUI": "CustomSample.html",
        "EntityClass": "TemplateBE.cls",
        "EntityType": "CRUD",
        "NameTemplate": "[PREFIX]Custom",
        "HasRelation": true,
        "IsSPA": false,
        "RoleSPA": "",
        "Defaults": ["ipCSSFile|app.css"]
    }, {
        "DisplayOrder": 51,
        "TemplateID": "CustomSampleSPA",
        "TemplateLabel": "Custom Template (SPA)",
        "TemplateIcon": "assets/img/thumbs/custom.png",
        "TemplatePath": "custom/",
        "TemplateUI": "CustomSampleSPA.html",
        "EntityClass": "TemplateBE.cls",
        "EntityType": "CRUD",
        "NameTemplate": "[PREFIX]CustomSPA",
        "HasRelation": true,
        "IsSPA": true,
        "RoleSPA": "Transaction",
        "Defaults": ["ipCSSFile|app.css"]
    }]
}