{
    "version": "1.4",
    "lastModified": "Mon Nov 27 16:13:44 EST 2017",
    "services": [{
        "name": "WebWizard",
        "address": "\/rest\/WebWizard",
        "useRequest": true,
        "resources": [{
            "name": "wizard",
            "path": "\/wizard",
            "autoSave": true,
            "schema": {
                "type": "object",
                "additionalProperties": false,
                "properties": {"dsCodeGen": {
                    "type": "object",
                    "additionalProperties": false,
                    "properties": {
                        "ttParam": {
                            "type": "array",
                            "primaryKey": ["ttName"],
                            "items": {
                                "additionalProperties": false,
                                "properties": {
                                    "_id": {
                                        "type": "string",
                                        "semanticType": "Internal"
                                    },
                                    "_errorString": {
                                        "type": "string",
                                        "semanticType": "Internal"
                                    },
                                    "ttName": {
                                        "type": "string",
                                        "ablType": "CHARACTER",
                                        "default": "",
                                        "title": "ttName"
                                    },
                                    "ttValue": {
                                        "type": "string",
                                        "ablType": "CHARACTER",
                                        "default": "",
                                        "title": "ttValue"
                                    }
                                }
                            }
                        },
                        "ttSchema": {
                            "type": "array",
                            "primaryKey": [
                                "schemaType",
                                "schemaSeq",
                                "tableName",
                                "fieldName"
                            ],
                            "items": {
                                "additionalProperties": false,
                                "properties": {
                                    "_id": {
                                        "type": "string",
                                        "semanticType": "Internal"
                                    },
                                    "_errorString": {
                                        "type": "string",
                                        "semanticType": "Internal"
                                    },
                                    "schemaType": {
                                        "type": "string",
                                        "ablType": "CHARACTER",
                                        "default": "",
                                        "title": "schemaType"
                                    },
                                    "schemaSeq": {
                                        "type": "integer",
                                        "ablType": "INTEGER",
                                        "default": 0,
                                        "title": "schemaSeq"
                                    },
                                    "tableName": {
                                        "type": "string",
                                        "ablType": "CHARACTER",
                                        "default": "",
                                        "title": "tableName"
                                    },
                                    "fieldName": {
                                        "type": "string",
                                        "ablType": "CHARACTER",
                                        "default": "",
                                        "title": "fieldName"
                                    },
                                    "logicalName": {
                                        "type": "string",
                                        "ablType": "CHARACTER",
                                        "default": "",
                                        "title": "logicalName"
                                    },
                                    "fieldLabel": {
                                        "type": "string",
                                        "ablType": "CHARACTER",
                                        "default": "",
                                        "title": "fieldLabel"
                                    },
                                    "fieldExtent": {
                                        "type": "integer",
                                        "ablType": "INTEGER",
                                        "default": 0,
                                        "title": "fieldExtent"
                                    },
                                    "dataType": {
                                        "type": "string",
                                        "ablType": "CHARACTER",
                                        "default": "",
                                        "title": "dataType"
                                    },
                                    "fieldDefault": {
                                        "type": "string",
                                        "ablType": "CHARACTER",
                                        "default": "",
                                        "title": "fieldDefault"
                                    },
                                    "fieldFormat": {
                                        "type": "string",
                                        "ablType": "CHARACTER",
                                        "default": "",
                                        "title": "fieldFormat"
                                    },
                                    "fieldWidth": {
                                        "type": "number",
                                        "ablType": "DECIMAL",
                                        "default": 0,
                                        "title": "fieldWidth"
                                    },
                                    "isIndexed": {
                                        "type": "boolean",
                                        "ablType": "LOGICAL",
                                        "default": false,
                                        "title": "isIndexed"
                                    }
                                }
                            }
                        }
                    }
                }}
            },
            "operations": [
                {
                    "name": "parse",
                    "path": "\/parse",
                    "useBeforeImage": false,
                    "type": "invoke",
                    "verb": "put",
                    "params": [
                        {
                            "name": "includePath",
                            "type": "REQUEST_BODY"
                        },
                        {
                            "name": "includeData",
                            "type": "RESPONSE_BODY"
                        }
                    ]
                },
                {
                    "name": "databases",
                    "path": "\/databases",
                    "useBeforeImage": false,
                    "type": "invoke",
                    "verb": "put",
                    "params": [{
                        "name": "databaseList",
                        "type": "RESPONSE_BODY"
                    }]
                },
                {
                    "name": "tooltips",
                    "path": "\/tooltips",
                    "useBeforeImage": false,
                    "type": "invoke",
                    "verb": "put",
                    "params": [{
                        "name": "tooltipData",
                        "type": "RESPONSE_BODY"
                    }]
                },
                {
                    "name": "css",
                    "path": "\/css",
                    "useBeforeImage": false,
                    "type": "invoke",
                    "verb": "put",
                    "params": [{
                        "name": "cssList",
                        "type": "RESPONSE_BODY"
                    }]
                },
                {
                    "name": "templates",
                    "path": "\/templates",
                    "useBeforeImage": false,
                    "type": "invoke",
                    "verb": "put",
                    "params": [
                        {
                            "name": "DefaultCatalog",
                            "type": "RESPONSE_BODY"
                        },
                        {
                            "name": "Template",
                            "type": "RESPONSE_BODY"
                        }
                    ]
                },
                {
                    "name": "generate",
                    "path": "\/generate",
                    "useBeforeImage": false,
                    "type": "invoke",
                    "verb": "put",
                    "params": [
                        {
                            "name": "paramObject",
                            "type": "REQUEST_BODY"
                        },
                        {
                            "name": "forceCreate",
                            "type": "REQUEST_BODY"
                        },
                        {
                            "name": "resultMessage",
                            "type": "RESPONSE_BODY"
                        },
                        {
                            "name": "resultCode",
                            "type": "RESPONSE_BODY"
                        }
                    ]
                },
                {
                    "name": "fields",
                    "path": "\/fields",
                    "useBeforeImage": false,
                    "type": "invoke",
                    "verb": "put",
                    "params": [
                        {
                            "name": "databaseName",
                            "type": "REQUEST_BODY"
                        },
                        {
                            "name": "tableName",
                            "type": "REQUEST_BODY"
                        },
                        {
                            "name": "ttSchema",
                            "type": "RESPONSE_BODY"
                        }
                    ]
                },
                {
                    "name": "metadata",
                    "path": "\/metadata",
                    "useBeforeImage": false,
                    "type": "invoke",
                    "verb": "put",
                    "params": [{
                        "name": "metadataList",
                        "type": "RESPONSE_BODY"
                    }]
                },
                {
                    "name": "includes",
                    "path": "\/includes",
                    "useBeforeImage": false,
                    "type": "invoke",
                    "verb": "put",
                    "params": [{
                        "name": "includeList",
                        "type": "RESPONSE_BODY"
                    }]
                },
                {
                    "name": "tables",
                    "path": "\/tables",
                    "useBeforeImage": false,
                    "type": "invoke",
                    "verb": "put",
                    "params": [
                        {
                            "name": "databaseName",
                            "type": "REQUEST_BODY"
                        },
                        {
                            "name": "ttSchema",
                            "type": "RESPONSE_BODY"
                        }
                    ]
                }
            ]
        }]
    }]
}